file,method,ref,hyp,cer
ijazah_001_highquality_nosig.png,none,571012022000056,571012022000056,0.0
ijazah_001_highquality_nosig.png,hist_eq,571012022000056,,1.0
ijazah_001_highquality_nosig.png,clahe,571012022000056,571012022000056,0.0
ijazah_001_highquality_nosig.png,gaussian_unsharp,571012022000056,571012022000056,0.0
ijazah_001_highquality_nosig.png,median_denoise,571012022000056,571012022000056,0.0
ijazah_001_highquality_nosig.png,clahe_unsharp,571012022000056,571012022000056,0.0
ijazah_001_highquality_nosig.png,otsu,571012022000056,571012022000056,0.0
ijazah_001_highquality_nosig.png,adaptive,571012022000056,571012022000056,0.0
ijazah_002_lowcontrast_nosig.png,none,571012022000056,571012022000056,0.0
ijazah_002_lowcontrast_nosig.png,hist_eq,571012022000056,,1.0
ijazah_002_lowcontrast_nosig.png,clahe,571012022000056,571012022000056,0.0
ijazah_002_lowcontrast_nosig.png,gaussian_unsharp,571012022000056,571012022000056,0.0
ijazah_002_lowcontrast_nosig.png,median_denoise,571012022000056,571012022000056,0.0
ijazah_002_lowcontrast_nosig.png,clahe_unsharp,571012022000056,571012022000056,0.0
ijazah_002_lowcontrast_nosig.png,otsu,571012022000056,571012022000056,0.0
ijazah_002_lowcontrast_nosig.png,adaptive,571012022000056,571012022000056,0.0
ijazah_003_blurred_nosig.png,none,571012022000056,571012022000056,0.0
ijazah_003_blurred_nosig.png,hist_eq,571012022000056,,1.0
ijazah_003_blurred_nosig.png,clahe,571012022000056,571012022000056,0.0
ijazah_003_blurred_nosig.png,gaussian_unsharp,571012022000056,571012022000056,0.0
ijazah_003_blurred_nosig.png,median_denoise,571012022000056,571012022000056,0.0
ijazah_003_blurred_nosig.png,clahe_unsharp,571012022000056,571012022000056,0.0
ijazah_003_blurred_nosig.png,otsu,571012022000056,571012022000056,0.0
ijazah_003_blurred_nosig.png,adaptive,571012022000056,371012022000056,0.0667
ijazah_004_highnoise_nosig.png,none,571012022000056,571012022000056,0.0
ijazah_004_highnoise_nosig.png,hist_eq,571012022000056,,1.0
ijazah_004_highnoise_nosig.png,clahe,571012022000056,371012022000056,0.0667
ijazah_004_highnoise_nosig.png,gaussian_unsharp,571012022000056,571012022000056,0.0
ijazah_004_highnoise_nosig.png,median_denoise,571012022000056,571012022000056,0.0
ijazah_004_highnoise_nosig.png,clahe_unsharp,571012022000056,571012022000056,0.0
ijazah_004_highnoise_nosig.png,otsu,571012022000056,571012022000056,0.0
ijazah_004_highnoise_nosig.png,adaptive,571012022000056,571012022000056,0.0
ijazah_005_lowres_nosig.png,none,571012022000056,571012022000056,0.0
ijazah_005_lowres_nosig.png,hist_eq,571012022000056,,1.0
ijazah_005_lowres_nosig.png,clahe,571012022000056,571012022000056,0.0
ijazah_005_lowres_nosig.png,gaussian_unsharp,571012022000056,571012022000056,0.0
ijazah_005_lowres_nosig.png,median_denoise,571012022000056,571012022000056,0.0
ijazah_005_lowres_nosig.png,clahe_unsharp,571012022000056,571012022000056,0.0
ijazah_005_lowres_nosig.png,otsu,571012022000056,371012022000056,0.0667
ijazah_005_lowres_nosig.png,adaptive,571012022000056,571012022000056,0.0
ijazah_006_faded_nosig.png,none,571012022000056,571012022000056,0.0
ijazah_006_faded_nosig.png,hist_eq,571012022000056,,1.0
ijazah_006_faded_nosig.png,clahe,571012022000056,371012022000056,0.0667
ijazah_006_faded_nosig.png,gaussian_unsharp,571012022000056,571012022000056,0.0
ijazah_006_faded_nosig.png,median_denoise,571012022000056,571012022000056,0.0
ijazah_006_faded_nosig.png,clahe_unsharp,571012022000056,371012022000056,0.0667
ijazah_006_faded_nosig.png,otsu,571012022000056,571012022000056,0.0
ijazah_006_faded_nosig.png,adaptive,571012022000056,571012022000056,0.0
ijazah_007_colorshift_nosig.png,none,571012022000056,571012022000056,0.0
ijazah_007_colorshift_nosig.png,hist_eq,571012022000056,2022600,0.6
ijazah_007_colorshift_nosig.png,clahe,571012022000056,571012022000056,0.0
ijazah_007_colorshift_nosig.png,gaussian_unsharp,571012022000056,571012022000056,0.0
ijazah_007_colorshift_nosig.png,median_denoise,571012022000056,571012022000056,0.0
ijazah_007_colorshift_nosig.png,clahe_unsharp,571012022000056,571012022000056,0.0
ijazah_007_colorshift_nosig.png,otsu,571012022000056,571012022000056,0.0
ijazah_007_colorshift_nosig.png,adaptive,571012022000056,571012022000056,0.0
ijazah_008_jpeg_nosig.png,none,571012022000056,571012022000056,0.0
ijazah_008_jpeg_nosig.png,hist_eq,571012022000056,,1.0
ijazah_008_jpeg_nosig.png,clahe,571012022000056,571012022000056,0.0
ijazah_008_jpeg_nosig.png,gaussian_unsharp,571012022000056,571012022000056,0.0
ijazah_008_jpeg_nosig.png,median_denoise,571012022000056,5371012022000056,0.0667
ijazah_008_jpeg_nosig.png,clahe_unsharp,571012022000056,571012022000056,0.0
ijazah_008_jpeg_nosig.png,otsu,571012022000056,371012022000056,0.0667
ijazah_008_jpeg_nosig.png,adaptive,571012022000056,371012022000056,0.0667
ijazah_009_combined_nosig.png,none,571012022000056,371012022000056,0.0667
ijazah_009_combined_nosig.png,hist_eq,571012022000056,,1.0
ijazah_009_combined_nosig.png,clahe,571012022000056,5371012022000056,0.0667
ijazah_009_combined_nosig.png,gaussian_unsharp,571012022000056,571012022000056,0.0
ijazah_009_combined_nosig.png,median_denoise,571012022000056,371012022000056,0.0667
ijazah_009_combined_nosig.png,clahe_unsharp,571012022000056,5371012022000056,0.0667
ijazah_009_combined_nosig.png,otsu,571012022000056,571012022000056,0.0
ijazah_009_combined_nosig.png,adaptive,571012022000056,571012022000056,0.0
